Id,Discuss,Score,discuss_translate
bdf100c1-fbef-3456-8a78-54ff90bbfc9a,aaabbbcccdddeeefffggg,3,aaabbbcccdddeeefffggg
f1ef5880-794f-3252-ab86-9c4508b46c04,henbcuode  hefreichangbucuo,5,很bcuode  hefreichang不错
a23b28e5-770e-303f-b0b5-c5db0ea6c748,hjkhj,5,hjkhj
21fe9f64-63e5-3215-97d7-02e88b920cfa,5,5,5
d233a2f0-a1bb-30e1-918a-e98e39a30f30,Ok kkkkkkkkkkkkk your time with me and you have left the country,4,好 kkkkkkkkkkkkk你和我在一起的时间，你已经离开了这个国家
df744f1d-f51e-3d9b-9ae2-b7ad33b5e259,……,5,……
9846c825-da04-39dc-b077-49581e25d098,aaabbbcccdddeeefffggg,3,aaabbbcccdddeeefffggg
d5417235-9572-392e-baa1-20dc79d59d8c,Okokokokokokokok,4,好好好好好好好好
0695f8ca-1b94-374a-9642-2a462e022675,d d d d d d,5,d d d d d d
1860432a-19fa-3f8c-9acf-222dadacda09,good,4,好
36f2c848-fc46-3a01-a0e6-6aa680267cdb,good,5,好
0b90b1ce-5edf-3c89-925f-406487c65e55,1,4,1
d5d9ba59-75db-3796-b3a6-56d8487de504,very nice,5,非常好
56151f6b-fe7e-35f7-b501-7e9367603099,hjcfuhcgijvghug,3,hjcfuhcgijvghug
05230e9a-a435-3846-b08f-522a8e3e1b80,http://www.mafengwo.cn/path/10192455.html,4,http://www.mafengwo.cn/path/10192455.html
7905d8e9-8137-34aa-83fb-a9225ff500a9,cffffffffffffffffffffffffffffffffffffffffffffffffffffffffffffff,5,cffffffffffffffffffffffffffffffffffffffffffffffffffffffffffffff
5925d388-6c98-3e0a-b7df-535422d3d963,OK，OK，OK，OK，OK。,5,好，好，好，好，好。
bcf2d7ff-1f5a-3139-934e-e582a26b1395,0k,5,好
be0e67d5-db37-3253-980a-894120c250b4,wonderful,5,精彩
3d4f95ec-1c4a-33d2-b575-c58e593a5a15,연주지하허 광동성 5A!,5,연주지하허 광동성 5a!
c3bd1ac8-396e-3cf5-93ff-da47065a461c,aaaaaaaaaaaaaaaaaaaaaaaaaaaaaaaaa,5,aaaaaaaaaaaaaaaaaaaaaaaaaaaaaaaaa
703138b5-d2dd-382a-90ae-338436418b48,yinghuabucuo…….,4,yinghua不错…….
facdfd4a-7062-343d-8fb2-09c8d55b7e15,nice,5,不错
efbc0e88-ac09-35a1-851d-4036309cef18,My good,5,我很好
80d86527-ef34-3b05-aeb1-8466b7fe00a6,happy,5,高兴
8e9100ad-6076-35ce-a2b3-0bd3464f5235,http://mp.weixin.qq.com/s?__biz=MzA5OTk4Nzc4Nw==&amp;mid=2650387481&amp;idx=1&amp;sn=1e1ca2d8fdcd8cfa5840773c4a09b0d7&amp;scene=2&amp;srcid=0519L3FljNvjjZVprMuWvZQ4&amp;from=timeline&amp;isappinstalled=0#wechat_redirect,4,http://mp.weixin.qq.com/s?__biz=mza5otk4nzc4nw==&amp;mid=2650387481&amp;idx=1&amp;sn=1e1ca2d8fdcd8cfa5840773c4a09b0d7&amp;scene=2&amp;srcid=0519l3fljnvjjzvprmuwvzq4&amp;from=timeline&amp;isappinstalled=0#wechat_redirect
c6aab151-5f6d-3ee1-91c6-39328cd4adca,good,5,好
56e3d521-7e33-30ac-8987-303e64d22ee3,。,5,。
69973262-05c1-3965-a686-1f27acdd650f,sdfghljkjsdfghdfgh,5,sdfghljkjsdfghdfgh
061f004b-7fce-335d-b2b8-ea075e9e8b5a,https://items.alitrip.com/item.htm?spm=a220m.1000862.1000725.76.apwGFF&amp;id=530908249292&amp;is_b=1&amp;cat_id=2&amp;q=&amp;rn=bebe339fcb4d3a78cee3ad263cceb35a,5,https://items.alitrip.com/item.htm?spm=a220m.1000862.1000725.76.apwgff&amp;id=530908249292&amp;is_b=1&amp;cat_id=2&amp;q=&amp;rn=bebe339fcb4d3a78cee3ad263cceb35a
032ab82f-0a32-33ac-a1a2-7003248f81f4,,5,
3b049c05-adc5-33e4-8bbb-d34df2362b00,...,5,...
00974b50-95e7-3e9a-8821-b262ed143675,……,4,……
70130058-d9b9-3d44-932a-f450e1e20686,????,5,????
c15a45ad-4e17-324f-a299-1407c8b5e963,bang,5,棒
a1d459b8-3439-32a8-8690-c25fc7054109,！,4,！
a6e874f0-71bc-3f97-8ee2-5aa0c7a5807b,henhaohenhaohen,5,很好很好很
fb3ec623-429a-3151-9dc4-f354fd1d6ce6,bjbvhjbvhkkvvhu,3,bjbvhjbvhkkvvhu
aaa96587-53ee-3049-bd9f-22a26ce4aa6c,Ygccbjkk,5,ygccbjkk
9462e51b-427d-3ef6-b6de-2e79c6033b7a,。。。。。。。。。。。。。。。。。,3,。。。。。。。。。。。。。。。。。
4cb97748-670c-3d3c-99eb-7c09a52cc14b,perfect,5,完美
78f28ddf-c3e1-3a11-aed1-fcb6d3f8f6ff,nice day^_^,5,美好的一天开心
435ab51c-cc81-392d-bd4c-ff8103417ae7,。。,5,。。
4d74a0c3-0baa-3c91-ab11-3046e8cd2bd6,12,5,12
116f4ac1-a1bf-328d-9ee7-a1c65797901b,sssssssssssssssss,4,sssssssssssssssss
a051024e-6fb9-36ef-acb3-10bff9358a9f,Good,5,好
50766599-6a31-34bf-8925-b335c7752bba,ASDFGHJLKJHGRESDFGHJK,5,asdfghjlkjhgresdfghjk
b65e540f-14e8-394f-bf72-df6642c6143b,。。。,3,。。。
cdd9cce8-64da-3209-ae1b-b9d496e60fa3,qwrerhtjtyluohukyjjerdfg,5,qwrerhtjtyluohukyjjerdfg
1ca468e6-31a4-3b1b-a15d-90fb08ccb306,My good,5,我的好
f9341607-ea04-3490-bf0b-f494b2aa1bd7,hihihi,5,哈哈
6de2e26b-5ad4-3d63-93de-69ffd62a66a9,????,5,????
a1ce9b6c-5439-3a0b-ba58-4c48b2298718,????,5,????
2c46844f-c160-3ee2-83e0-3b6928de532f,hjcfuhcgijvghug,3,hjcfuhcgijvghug
dcc8094e-6495-392a-92fd-4f27e1f6dd99,ok,5,好
f58ec52c-9c55-3c34-a22e-c53d30c4c7f3,OK，OK，OK，OK，OK。,5,好，好，好，好，好。
90710740-82bf-358a-acfb-e440fe57d61a,h,5,h
63dc4994-3da6-3b66-8909-99ef9ecbc371,。。。。。。,4,。。。。。。
f50918a3-e657-3f5d-b55f-3fe8de84c94c,????????,5,????????
4719e052-cd1f-3607-b17f-2ea1d3d9a4f7,hfvg kljoj o,4,hfvg kljoj o
dcfdb736-ce91-38d0-9ad6-73755abfc340,????,5,????
9dd0c090-cdf2-3321-a13c-8603d1c6b074,……,4,……
cd0f1e11-6bee-32cc-a09a-f18226ce8faa,Happy Day,5,快乐的一天
88a849eb-5feb-360d-b336-be70023fa526,okokokokokok,5,好好好好好好
07ccf26d-4832-35db-a82f-b43a6fce8447,！！！！！！,5,！！！！！！
4b6452a2-fda6-3f24-8201-c697124f149b,Just so so,4,一般般
63a0aefd-0c13-37dc-a311-f7d609845da7,hao,5,好
cfd17f6c-29cb-316a-8878-592cad26b465,very Disney feel .,4,非常迪斯尼的感觉。
7e07e400-b403-355c-b4c9-f2b0da1b74a6,happy,5,快乐
17d12b9b-72e8-31a7-8fa9-dcf82215c29e,，，，，，,4,，，，，，
520bec2c-7d1f-3f8e-8ff6-e919087de2e7,Good,5,好
3fa0dd4a-b9aa-37db-ae40-e401ee75f9ff,haohaohaohaoaho,5,好好好好aho
3fb3b568-995e-3f4b-9cab-4cdc8f36db04,。,3,。
0fcfcb64-6845-3d8c-8d74-2f42274dc094,0k,4,好
9aa1e7f6-7956-314e-9687-d00b08da46cd,，，，,4,，，，
ff0495f3-90fb-3657-9368-71d1dfd02cc3,。,5,。
dc9e54ee-a16d-3dde-a50e-5a99f4d4c55c,"It is a good place for walking, maybe after dinner. And there are many entertainment places, such as movie theaters.",5,“这是一个适合散步的好地方，也许在晚餐后，还有很多娱乐场所，比如电影院。”
a8bc0030-f19e-317f-9005-c83ba9010762,I,5,i
9abba8ee-7822-37fa-b891-e484abb5c5ac,。。。。。。。。。。。。。,5,。。。。。。。。。。。。。
d6511e6c-26dc-3d80-a527-38140788c105,jjhghiivvgujvgu,3,jjhghiivvgujvgu
3002e8ff-c766-3370-94c2-817bcd8e0ca8,People Mountain People Sea,5,人山人海
efd5007b-1ff6-3f62-847e-126c01510f2d,"ADXCNCGNGH,GJHH.LL",5,"adxcncgngh,gjhh.ll"
f56306d3-a1b0-39f1-9be7-6c482f0f0f2d,qwertyuiopasdfghjkklzxcvbnnma a a s d f g h j k l,5,qwertyuiopasdfghjkklzxcvbnnma a a s d f g h j k l
2fe0b43d-146e-32fb-a039-69e9a6e4f680,u,5,u
ec431f7a-3618-3e84-a910-375ef18ed611,http://www.mafengwo.cn/path/61189516.html,4,http://www.mafengwo.cn/path/61189516.html
38c95d7a-185a-3309-aa58-92cef55ffe6e,good good food goodgood good,5,良好的食物goodgood好
1fa22869-ebca-307f-8a83-78c9388392d0,jjbvhjjvggjjhhv,3,jjbvhjjvggjjhhv
d62af088-1243-3f4a-9951-ca0d2e1691a4,Walk alone,5,独自漫步
8ca29534-8160-3d47-be67-83b3b9bcdfcb,GOOD AND BETTER!,3,好，更好！
6a931f7a-69bb-3302-a2f3-0f1330af87d1,r,5,r
90773cc1-9076-39ca-afbd-b7244338e58c,Perfect,5,完美
0cf5b7f6-b2e7-32e7-bdda-f75122f091de,http://www.mafengwo.cn/path/10192455/10244-0.html,4,http://www.mafengwo.cn/path/10192455/10244-0.html
73332652-a313-38ab-b856-d55423fcc3b1,http://www.mafengwo.cn/,5,http://www.mafengwo.cn/
094fb8a6-e438-30a9-b1f7-dd888e364bea,ok,5,好
400aa4fb-d2f0-338c-972f-fef3cdf1b392,so many people,4,很多人
fe5846f6-727e-3899-83d0-46b77e5d2bf2,，,4,，
c31bf365-7220-3da0-b02b-4b5f0208ab71,http://www.mafengwo.cn,4,http://www.mafengwo.cn
97b0350d-029b-341b-b6a6-0eb735057de5,aaaaaaaaaaaaaaaaaaaaaaaaaaaaaaaaaaaaaa,5,aaaaaaaaaaaaaaaaaaaaaaaaaaaaaaaaaaaaaa
40f22679-a600-3bdb-8442-4d4b1d51de71,good trip,4,旅途愉快
1d504642-65e8-3ef8-8eb5-8176d5160006,hhvfyjhvghjjjbh,3,hhvfyjhvghjjjbh
fc44ccf6-83eb-3aeb-8f91-ca0f4ea0ec2c,good,5,好
48907a11-27b9-352b-af60-b163ae6e0007,WASDFGH;JFDSZDFGHJK,5,wasdfgh;jfdszdfghjk
b7cdfe14-c8c7-30d8-9104-0e7c44ea6cd0,⋯⋯,5,⋯⋯
6d703624-d847-3dd5-8229-62c5f1284e2f,，,5,，
686045ca-4aa4-3b68-a748-9114397b1fba,。。。。。,1,。。。。。
e76cd383-8036-3e7f-993f-9b2f3b62b76b,good,5,好
68d282ac-63c0-3ec1-abd2-fd234f057856,good,5,好
79208d3a-f9a4-3a83-aeb5-920a7ba00240,l,5,l
ef7e72c2-461f-3566-8aa6-2ae1112ac9fd,……,3,……
77d96fda-c4e3-3adc-8568-bf0f8eb3c627,best with girlfriend,4,与女朋友最好
d18e95c5-ec55-35d7-b419-2fcee2f7d3e9,sdaaaaaaaaaaaaaaaaaaaaaaaaaaaaaaaaaaaaaaaa,4,sdaaaaaaaaaaaaaaaaaaaaaaaaaaaaaaaaaaaaaaaa
f8ce7025-6c99-3c06-be8a-7bd169501196,efefdfdsfdfdfdfdfd,5,efefdfdsfdfdfdfdfd
24e386ed-1c46-3d97-8bb9-98076ba8637e,nice,5,不错
0c4948e2-2fe4-3af7-8a9f-21b4a86b989c,Very good...........................................,5,很好...........................................
89174e8d-6c94-3031-acad-a0b26181e6c1,tkullokx,5,tkull好x
775ab52b-0828-309e-94dc-c1e5617c97b5,！,3,！
6c12fbbb-8ac1-3ef7-9f24-946912e96035,xxxxxxxxxxxxxxx,5,xxxxxxxxxxxxxxx
885c42b4-dfea-39ef-862c-4b5a6a0e0462,https://items.alitrip.com/item.htm?spm=a220m.1000862.1000725.76.apwGFF&amp;id=530908249292&amp;is_b=1&amp;cat_id=2&amp;q=&amp;rn=bebe339fcb4d3a78cee3ad263cceb35a,4,https://items.alitrip.com/item.htm?spm=a220m.1000862.1000725.76.apwgff&amp;id=530908249292&amp;is_b=1&amp;cat_id=2&amp;q=&amp;rn=bebe339fcb4d3a78cee3ad263cceb35a
24a11cc1-ddc3-36a5-ab6d-a3521cdf9303,????,5,????
7a67c922-1ee2-305a-96eb-e3dffa344255,ok,3,好
6af45354-78ac-345f-9b49-829e147f4e10,vjcgjvfjhffhvvj,3,vjcgjvfjhffhvvj
f50f98a5-7c96-340f-aa59-96bc4b21b2a4,。,5,。
23146b66-94d7-3f84-b7e6-32106c588c0d,wshftyou9puuoiuipo,5,wshftyou9puuoiuipo
fe803b5c-f9da-30b9-95b7-c2371ba40e6f,qwrerhtjtyluohukyjjerdfg,5,qwrerhtjtyluohukyjjerdfg
78a78bd0-7650-3420-b913-d185f019ced1,Disneyland Hongkong,5,迪士尼乐园香港
0ab08ab2-ea91-3ed0-b8c5-fc5961c4f6bb,very good！,5,很好！
dca0547c-328c-3927-b4d3-b3a5ddd44f8b,happy,5,快乐
9bb6e621-ba25-3d20-b37f-7cb79177ddec,Beautiful,5,美丽
3d9a6288-0332-3130-a555-275c53709804,ok,4,好
8147b1a4-52e4-30de-a394-8d64668106d0,Nice place,5,好地方
92e76e59-a062-33f0-9fb0-9f30cf7f18c8,ting hao de,5,ting 好 de
45479d24-23db-3458-9ef3-c32db969dbdc,11.9,5,11.9
feb33f40-16a3-3318-ae26-f6f7ef5a12cd,http://file32.mafengwo.net/M00/CE/7F/wKgBs1euyRWAOAb-AAG8Uw0b6wQ92.rbook_comment.w290_h195.jpeg<br />n,5,http://file32.mafengwo.net/m00/ce/7f/wkgbs1euyrwaoab-aag8uw0b6wq92.rbo好_comment.w290_h195.jpeg<br />n
0dfbfd53-7e70-3558-93db-c6572c915bc3,aaaa,5,aaaa
b6e72355-bdb8-359f-a7eb-0163778d62ed,fhsjgahajjsjsjs,5,fhsjgahajjsjsjs
9101a0b3-5842-3cf1-8ea4-c5d7399b54b6,interesting,5,有趣
c248972b-bb2d-3935-a624-d2b0fc330781,aaabbbcccdddeeefffggg,3,aaabbbcccdddeeefffggg
fc7c19bd-96ac-369a-b092-bf1e55ad7224,"best place for China railway fans, very precise locomotives",4,“中国铁路爱好者的最佳场所，非常精确的机车”
2d553d11-2f3e-32fa-94d5-794ed1c32e98,http://www.mafengwo.cn,4,http://www.mafengwo.cn
e773e565-e9c7-32b3-90b2-80638f0b34ed,aaabbbcccdddeeefffggg,3,aaabbbcccdddeeefffggg
f4d72c2b-814f-355e-b277-cb914ca30822,The story beneath the sea,4,海底的故事
66435858-0ff1-357a-b22d-d1558483c2e8,"Zxcgjk,sdfghjkkl\'rasfdgh",5,"zxcgjk,sdfghjkkl\'rasfdgh"
27347010-3f6b-36d9-97e8-244f633a50bd,✌️,4,✌️
56ff5c33-43c9-3687-be11-a76d961d62ee,Good,5,好
5fa7a155-0d9b-30d6-a863-8a6a81b42f7f,nice trip,5,一路顺风
b745b25c-c7ce-3564-b5d5-06baacc2c1e2,Hhhhhhhhhhhhhjjhahahahahahahaah,5,非常好jjhahahahahahahaah
b2d2e1cc-bd45-33de-b766-9fc5dab48170,????????,4,????????
96709aab-2e7c-3166-a634-a83fdb0c1fe4,~~,5,~~
e8128473-b3f9-3f11-802d-65837f832624,.......,5,.......
f9ca01b8-6378-301a-be26-459f316759cf,puff,4,噗
d3be9ef9-adb1-3354-8184-c13263546c1d,disney land ticket,5,迪士尼地票
f2c9b1c8-1678-3456-9544-a6c559c7c194,Beautiful,5,美丽
473c5c27-fcf1-31de-8a27-cff1ddc04d9f,So good travel everything is excellent! Hope go back again late.,5,这么好的旅行一切都非常好！ 希望晚点回来。
002f6c55-959f-3603-88e1-8c200f94dae0,henhaofeichanghao,5,很好非常好
4849a8bc-35ad-3c5d-afbc-751ceeff7b90,good travel,4,良好的旅游
a54c2f38-f9f1-31ea-887b-63883cf97f4d,………,5,………
    7099b945-37bc-3bba-ab02-c9002eb8f397,good performance,4,很好的表现
360ac99c-1269-37ab-958e-b34a424b6167,asgdfgmsf;gm;dsmgsfmd;bmsd,5,asgdfgmsf;gm;dsmgsfmd;bmsd
98dd5c3d-2224-3990-a2cb-f653e4aa255a,d h f h f f h f,5,d h f h f f h f
46f03e85-2374-30db-82cb-9f2b525a06d4,????,5,????
6f9d6d26-7d28-3de1-a18e-93486e74d8d8,Beautiful,5,美丽
52cd53b5-359d-393a-b79d-140b079336f2,asdfgasdfghjklfk,5,asdfgasdfghjklfk
3e61d76a-2547-3407-9322-6353f4484eed,funny,5,有趣
878d3e7b-db29-35f3-ac9e-61e10301d3fc,henbcuode  hefreichangbucuo,5,很bcuode  hefreichang不错
5368c561-9eb0-31b6-84cb-b966da067e08,just so so,5,一般般
9068a61d-caae-37c3-9180-46c64d79b5b6,quuququququuquququ,4,quuququququuquququ
2fbddb35-7f60-3abb-8893-8717e66f427b,11111111111111111111,5,11111111111111111111
be654312-c11e-3688-b614-2404a2012b76,GOGOGO,5,gogogo
fbc89036-f2ac-38a2-b0eb-46c037330984,happy day,4,快乐的一天
f3d059a7-86c4-3b09-ba31-cb5da072fc9a,GSWGREHEHREHHjJEGE,5,gswgrehehrehhjjege
8691b498-97d0-3f77-9097-a980c8a18254,????,5,????
1d7d60e6-2602-397e-8279-3df2929e3c51,hhhhhhhhhhhhhhhhhhhhhhhh,4,非常好
01d964c9-6800-3a27-b3e5-7afc689c7c5b,！！！,5,！！！
88024603-bcda-3ab9-8ee1-d56f44c2724a,。,5,。
3be49164-0997-39f2-a922-49584994b7ed,gdfgdgfgdfgdfgdfgdfgfd,5,gdfgdgfgdfgdfgdfgdfgfd
41de0a9b-1b5e-3f6c-9bae-c246674a6fe5,OK????OK,5,好????好
74ea3d46-8f0f-3e5d-a467-6b4bcaed674b,wuhdycgcgsdvcygdsvcsdvcygdcygdvcgyvdccccccccccccccccccccccccccccccccccgggaygdvcyg,5,wuhdycgcgsdvcygdsvcsdvcygdcygdvcgyvdccccccccccccccccccccccccccccccccccgggaygdvcyg
1d032c2d-2d94-305c-aabf-4ad232566a72,WASDFGH;JFDSZDFGHJK,5,wasdfgh;jfdszdfghjk
7b163460-10e3-3204-a480-be4a54425f8c,The location is good,4,位置很好
c22bdfb1-a2f0-34ba-a776-8fe4efd5e264,OK,5,好
e55deb95-5258-3569-bcef-b157c5a9d3f8,d f bu c,5,d f bu c
4518eb29-868f-349e-bfea-1f95132df3cf,。。。,5,。。。
d1feec73-d862-3f42-ad58-6eec0aa83f29,hjgyivfuivguihg,3,hjgyivfuivguihg
81502679-e7e6-3a41-b7bb-d59c21fd8f7e,,5,
a19c5176-f181-3c2a-9214-12ac8372811e,，,5,，
e1ae7de2-f26c-3719-9e85-9c93b5b64d58,，,5,，
5e71b07e-fb78-3d23-80b4-6fca3192dde3,t luo bu ta ce,5,t luo bu ta ce
c4ff53c9-bdb1-3936-a0b6-ed2b590ee144,efefdfdsfdfdfdfdfd,5,efefdfdsfdfdfdfdfd
ca7eafea-ff3b-3357-993d-47cb9d693ddd,Jchjcgucdthxfuhf,3,jchjcgucdthxfuhf
9fed6ba7-ac88-3f6b-88d1-934936a2d23a,Hehe fikfdfgkf gkf,3,呵呵 fikfdfgkf gkf
5be8c8a4-1b58-30cd-b68a-6b58b3ff43e3,hen hao,5,很 好
ad57a843-297b-3456-81bf-f5b4eea850a2,happy,5,快乐
d2b68b72-4fd3-367f-b429-e205c95d428d,good,5,好
e7f0b1f3-492c-3b37-bd74-d4b62acd4a76,very happy,5,很高兴
a8d5a929-5d73-334b-a6af-9122678176a7,jjvgujvgyhhvghy,3,jjvgujvgyhhvghy
9414945b-fc10-3f71-898e-0a03086e5bd7,〇k,5,好
c9c4e595-8edd-3c55-ac80-56865becc365,very good!,5,很好！
1e23c3c7-15d4-3c56-b407-b976adcb4d00,。。。。,5,。。。。
a74867a2-6ab0-3622-a01c-e8aeab493bf1,xxxxxxxxxxxxxxx,5,xxxxxxxxxxxxxxx
7d802ab0-7468-33a0-82d6-601a9049d286,It\'s a good place.,5,这是个好地方。
9c5da20f-230b-39af-9350-d73c6a31919f,aaabbbcccddeeefffggg,3,aaabbbcccddeeefffggg
c4e6960e-142e-3ff9-9a3d-19795a12816b,。。。,3,。。。
809ef1bd-5f7d-34ad-b9f1-a1dc4b9544c3,）,5,）
7cb7b277-659e-3a76-957f-0a4d95072028,jjcyjvvjijvgjhf,3,jjcyjvvjijvgjhf
6fc353ac-05dd-35b3-92e9-6bbb5c39f1d7,good,5,好
d71a8ba2-c611-3513-8531-fe3170cef86c,OK,5,好
45e8d01d-200c-36ec-9b46-9b3804a23e58,hdhgmmbmhgmmhmmj,5,hdhgmmbmhgmmhmmj
611b319b-fdb0-3a99-985f-5a74ee94227b,。。。。。。,5,。。。。。。
73910a82-26c2-3523-ab18-21ca8f123ce3,。,5,。
262e9092-0879-3500-90dc-52f6f8ca2678,http://www.mafengwo.cn/path/55874831.html,4,http://www.mafengwo.cn/path/55874831.html
8a4a7327-dd2a-35ab-b24d-70481307a29c,kitty paradise,4,小猫天堂
df4c1fa3-7301-3c81-a625-5e24c607a5cc,happy,5,开心
c7f8f02f-86c2-399a-918c-d81a1b836ad6,f g hhj k,5,f g hhj k
6b81f48f-b470-302c-a0dd-2a0d29008796,,5,
f54afd9e-2df6-313c-ab32-fde006229e16,hao ......................................,5,好 ......................................
6f8e7cf1-5249-3fd4-9b59-0815fb0747ed,。,5,。
63389397-733b-39ff-bd9d-b57e5776ae2e,）,5,）
bee0d553-8519-3dcd-ad47-774243650d55,????,4,????
964b4b35-b757-33f6-9059-3d51f3c38048,,5,
d69165c3-9e34-3e4e-a5f6-2305061d819e,jjbhijbhujbbbjj,3,jjbhijbhujbbbjj
2790e957-1e47-31f2-a5f8-55927f39af28,xxxxxxxxxxxxxxx,5,xxxxxxxxxxxxxxx
d0e372a3-52b3-3664-8d06-98427bd4a655,^_^,5,开心
47f78c8e-7232-34a5-99a4-cd26696558a5,1,5,1
ce20f3eb-62e5-3b75-bc2e-8d3cb7138aae,Good,5,好
8931c924-d9ad-35f3-abea-e0832391db38,"great place to visit, lesser tourists, quiet and relax",5,“访问的好地方，较小的游客，安静和放松”
6a2e5cc8-c5cf-3940-aadd-5d084e6d9421,(๑◕︵◕๑)・*:..｡o○☼*ﾟ・*:..｡o○☼*ﾟ・*:..｡o○☼*ﾟ,3,(๑◕︵◕๑)・*:..｡o○☼*ﾟ・*:..｡o○☼*ﾟ・*:..｡o○☼*ﾟ
cd9e002c-147d-3346-a9b3-241c53aac8d5,OK,5,好
f7488cb6-bdc2-3e2e-bf8c-cb77c880a941,g d,5,好
da2a15bd-99b8-3000-b8c2-078afe91b177,hdhgmmbmhgmmhmmj,5,hdhgmmbmhgmmhmmj
215b6f48-3809-3d24-bde9-3cbb3a514662,123,4,123
c6b514c0-cfad-3f0d-b2e7-021101007d77,????????????????,5,????????????????
390e1cf3-3952-3e10-979a-8c332e08911c,ren tai duo,4,人太多
7af9c77e-fdac-3780-80f0-d9dafbbc02fb,Good,5,好
6b777841-7097-3b1b-a8eb-acb6cf3530be,Ok,5,好
832fad3f-9abd-3cd6-96a8-05a67196e89f,yi ban,5,一般
825e9958-d2af-3cf1-8346-5a96ef534e37,Impressive!,5,令人印象深刻！
7e105e6a-8cbe-34c7-990e-d5b70ed443b9,。。。。。。。,5,。。。。。。。
e4c60e45-0e6d-3a1e-bf68-ef4b900e69a7,zDGHJKHasddfghj,5,zdghjkhasddfghj
9e22a302-0704-3ba0-be88-b83ebd5328d7,dm,5,dm
271acc35-b13f-303b-8d2e-1f09726c94f0,，,5,，
fe86ce9b-eb0f-301d-9500-812de06baf3e,jing,4,jing
757f8a3a-e711-3f2c-a9af-5edd70e49898,ccccccccccccccccccccccccccccc,5,ccccccccccccccccccccccccccccc
6e0f162c-d47f-38af-b0fe-3a4a60674d38,aaabbbcccdddeeefffggg,3,aaabbbcccdddeeefffggg
5f3e9d95-d85a-3d10-b69c-3f57c8ee3581,m,3,m
2db740d2-726b-329d-8f53-7d4b7033dda3,crazy Day,4,疯狂的一天
ffdb8cdb-aec1-3fd0-bacd-fa4582cc614b,just so so,2,一般般
f468ac06-40aa-3ee1-9627-d2cd8120bd54,111,5,111
a632c19c-7dda-31ca-ab3f-eae39806333c,http://www.mafengwo.cn/path/85142184.html,4,http://www.mafengwo.cn/path/85142184.html
515332b9-614c-3518-a1ef-82bb88f33837,ttt,4,ttt
0b9cc3d3-0c60-38cf-ad96-c41eba10410e,。。,5,。。
92a9f964-76bc-3493-9d83-c316872fe3c2,GOOD AND BETTER!,4,好，更好！
bee4aced-f11b-3ad7-8739-558c7ac669c6,nice,5,不错
da746f72-d8a8-3012-ad6e-dfff5cebd95e,best place i have been to.iwill come back again,3,我去过的最好的地方。我会再次回来
00e5da51-14a4-3cbb-a003-077ab0f80167,233333333333,5,非常好
34b456ca-84af-3334-badc-52ccb13b480f,ASDFGHJLKJHGRESDFGHJK,5,asdfghjlkjhgresdfghjk
d8e50000-2769-3f9a-be46-4061cbde1273,ersrgsegrevbv zz,3,ersrgsegrevbv zz
d6ddf883-b289-398d-ab53-7a0e8e7f66a3,http://www.mafengwo.cn/,5,http://www.mafengwo.cn/
5a239f27-f2f3-38b3-a5aa-d997d97e8389,dfgfdfgfdgfdgdfgdgdgdf,5,dfgfdfgfdgfdgdfgdgdgdf
1e9fe58a-78f1-31c0-ac5e-6527000b530b,1,5,1
2d27f8d9-ec39-38ed-ac5b-99c11b7953fc,ASDFGHYHGSDFGJHGFGHM,5,asdfghyhgsdfgjhgfghm
a4d33840-613a-3958-a6bf-fcf698080e93,xcvxcvcxvxcvxcvxcv,5,xcvxcvcxvxcvxcvxcv
515d25d5-b246-3260-b5da-f9f703a26f05,OK,5,好
7645ca71-a36b-3cdc-a206-529cdf790ee2,vhhxdhcxhjxgijcg,3,vhhxdhcxhjxgijcg
914b3828-c065-3f66-95f5-e12ad6c83caf,aaabbbcccddeeefffggg,3,aaabbbcccddeeefffggg
3f15ffae-807f-3a91-aefc-d2f3b4e043e0,нιθπνθκΣΧΤΡÊÉÉÂÇËËþüûòôîøûûøîïöôôóòøõùþý,4,нιθπνθκσχτρêééâçëëþüûòôîøûûøîïöôôóòøõùþý
77c6c70c-b314-352f-81b2-75cc5c49edb6,hhggfghvvftuhgv,3,hhggfghvvftuhgv
0f4f1e3b-603c-3bad-a1d8-a33b6a5ad78b,hhhhhh,5,非常好
d630e151-87f3-34f6-8370-0e777ef013e2,ok,5,好
730e8057-cc64-32ff-a8ef-c78a56f2a93a,High,5,高
79c607e3-7ed5-3f84-9415-3ed65d4432f8,1,5,1
d191da47-f446-34c7-b42d-fc9c4069fafa,2333,5,非常好
e1259d85-c5b2-3618-9292-b942059735cd,????????,5,????????
008aba52-9bf8-30d0-91e6-0ec6d30e84ec,guihgihughuhuifhuihuhuyurigtryuty8uiiewthuiehu745748349749tu958jifhghdgiodfjgifjghkdrjgkkjgfsjjdgjfkjdkjjgkdfoi yt lhytj\'potykjoptjglhjkloyhikkkkkgjoij oyhjhkjkjkjkhk,4,guihgihughuhuifhuihuhuyurigtryuty8uiiewthuiehu745748349749tu958jifhghdgiodfjgifjghkdrjgkkjgfsjjdgjfkjdkjjgkdfoi yt lhytj\'potykjoptjglhjkloyhikkkkkgjoij oyhjhkjkjkjkhk
5eeaa853-4d73-3943-a94f-d8b471a4d60c,?,5,?
41b84c4e-ec11-3c25-9937-9c1dd4f54876,The story beneath the sea,3,海底的故事
8bdee7d0-015d-3060-945f-d80e54960944,dfgergdfgfgdfgdgdfgddf,4,dfgergdfgfgdfgdgdfgddf
b4627329-9f2a-382c-a9cc-7195029508d2,good,4,good
add55630-022a-3a0a-9aa9-5b79df10dae6,liked it so much,5,非常喜欢它
602bbe25-62ff-3db4-b124-ea07b5e4819e,hjvgjvvhjbvhjbb,3,hjvgjvvhjbvhjbb
2719a620-e501-3fb9-9bfd-59b24503a84d,"b  nv dfsaDRN  ,KGFDDS",1,"b  nv dfsadrn  ,kgfdds"
0c8adde6-5483-325b-880c-88eb9cd61c0c,http://www.mafengwo.cn/path/45534501.html,4,http://www.mafengwo.cn/path/45534501.html
786f00f3-be33-37f9-bcc8-a2c0fdf520dd,perfect,5,完美
b33f5a17-381a-3193-b6cf-e39df13144f0,·····················,5,·····················
91241d46-7dec-30c0-b7b3-7cee0f8cf792,123456789,5,123456789
5c75e0a1-1724-3fc7-99df-0c40bdf2756f,ccccccccccccccccccccccccccccc,5,ccccccccccccccccccccccccccccc
6cbe22de-c757-3d79-942c-a435e22219bd,aaaaaaaaaaaaaaaaaaaaaaaaaaaaaaaaa,5,aaaaaaaaaaaaaaaaaaaaaaaaaaaaaaaaa
487c219f-3541-3c44-ae55-d6bcdbf5e496,Funny,5,有趣
99f75965-b7cd-38aa-b043-21ae3e4e73f8,haixing,4,还行
71442de2-9ab6-3f3d-aa24-e81288483621,http://blog.ifeng.com/article/42458420.html<br />rnhttp://blog.ifeng.com/article/42324572.html<br />rnhttp://blog.ifeng.com/article/42565080.html<br />rnhttp://blog.ifeng.com/article/42565129.html<br />rnhttp://blog.ifeng.com/article/42569997.html<br />rnhttp://www.douban.com/note/533505302/<br />rnhttp://www.douban.com/note/533505645/<br />rnhttp://www.douban.com/note/533485252/<br />rnhttp://www.douban.com/note/533485679/<br />rnhttp://blog.sina.com.cn/s/blog_151e142640102w88u.html<br />rnhttp://blog.sina.com.cn/s/blog_151e142640102w88v.html<br />rnhttp://blog.sina.com.cn/s/blog_151e142640102w88w.html<br />rnhttp://blog.sina.com.cn/s/blog_151e142540102wm5l.html,5,http://blog.ifeng.com/article/42458420.html<br />rnhttp://blog.ifeng.com/article/42324572.html<br />rnhttp://blog.ifeng.com/article/42565080.html<br />rnhttp://blog.ifeng.com/article/42565129.html<br />rnhttp://blog.ifeng.com/article/42569997.html<br />rnhttp://www.douban.com/note/533505302/<br />rnhttp://www.douban.com/note/533505645/<br />rnhttp://www.douban.com/note/533485252/<br />rnhttp://www.douban.com/note/533485679/<br />rnhttp://blog.sina.com.cn/s/blog_151e142640102w88u.html<br />rnhttp://blog.sina.com.cn/s/blog_151e142640102w88v.html<br />rnhttp://blog.sina.com.cn/s/blog_151e142640102w88w.html<br />rnhttp://blog.sina.com.cn/s/blog_151e142540102wm5l.html
b0c56d03-c3e9-369c-80f9-f087b9d6eaa8,Beautiful,5,美丽
eca5c6b2-e9d4-33f7-8bf0-145b2a694bb1,nice trip,4,一路顺风
0ba2d47c-8286-39a6-9175-e2d4d34c53a3,yue,5,yue
caa598d5-be22-3dc3-8be1-ee20c9c7263f,????,5,????
1a681756-7b87-39c3-9735-9fd6dbd33bba,happytime～,5,快乐时光～
489c6ca8-591a-33b4-ac47-5608f39aec3b,*^_^*,5,*开心*
1c71aa20-85df-363c-8368-0b6c24b873a2,。,3,。
79588bb8-9793-305e-bf0c-522f8551877a,bjvchjvhjvgujvgj,3,bjvchjvhjvgujvgj
5846ef5c-0886-3d2d-a0db-890d736c8858,！！！！！！！！！！！！！！！！！！！！！,5,！！！！！！！！！！！！！！！！！！！！！
58a0ca08-9bdd-3041-a691-2b5bb7f6fbc5,http://www.mafengwo.cn/path/10192455.html,4,http://www.mafengwo.cn/path/10192455.html
5beed4dc-28cc-3793-9bfb-4f1678603360,just so so,5,一般般
329d698e-c1f4-310c-bb8b-6b7a1cb01cdd,gfdgdfgfdgdfgdfgdfgdfg,5,gfdgdfgfdgdfgdfgdfgdfg
037a463b-1970-356a-9918-4ba2588a3182,Family,5,家庭
062653da-f672-3c1c-ae4b-8896c072545c,，,5,，
e10706c7-25fd-38a8-b74e-885675fc69b7,٩(●˙▿˙●)۶…⋆ฺ٩(●˙▿˙●)۶…⋆ฺ٩(●˙▿˙●)۶…⋆ฺ,3,٩(●˙▿˙●)۶…⋆ฺ٩(●˙▿˙●)۶…⋆ฺ٩(●˙▿˙●)۶…⋆ฺ
d67b4cd9-a104-356f-81e3-b8fa28eec57a,that\'s all.,4,就这样。
8ed5d8dd-d90e-3e70-909c-568fa9568a80,GOOD,5,好
d0f5f800-6613-32cb-bb2c-b779c9e82d58,very good,5,非常好
b7b37ff5-f89b-300f-9b27-39471c0c7d10,。,5,。
bfa6edd4-6eab-3bb7-af46-f96443233807,bu cuo,5,不错
30e45f17-5583-399a-9ee5-efe418c7085d,http://www.mafengwo.cn/auction/?date=2016-04-05,4,http://www.mafengwo.cn/auction/?date=2016-04-05
1aec4da9-c3cc-3277-8520-0165956de5fc,bjcjicgjbvhjvvy,3,bjcjicgjbvhjvvy
2a98e303-8790-377c-847b-fff1666c5ebc,_,5,_
ed97e586-ed20-300a-8fcb-83ace81a6d38,OK,5,好
e2e11279-c8e2-344a-817c-10aa554f62ec,Good,5,好
375f5830-62db-3104-81aa-6b6b42315165,～～～～,5,～～～～
ada9e8de-777c-3e0f-a4d5-76aea6cb2c72,Happy,5,快乐
1c79a3ec-cf58-3920-91bf-dcabcb5f8a2c,ASTYIUKJHGFDSDFGHJKL;\',5,astyiukjhgfdsdfghjkl;\'
6b6b3beb-e033-3f94-81b3-f2e729b7de4e,ooooooooooooooooooooooooooooooooooook.,5,ooooooooooooooooooooooooooooooooooo好.
a981419d-7abd-309c-8756-fa80b7a8f805,????,4,????
4c76cfda-0855-3d86-ac6b-ccc481aa2cf9,Nice place,5,好地方
b312d1a4-c257-34a4-9f00-a553b0403bdc,Hejkwmsjs,5,hejkwmsjs
649e7c47-61c6-3fb6-b6e4-d21ad6544c3f,qwegrQAWESDERFTGYHU,5,qwegrqawesderftgyhu
4fc61366-5036-3b06-965d-a60375952ccd,Bucuo,4,不错
704d8652-2266-39e9-8112-86859fd9d529,no,5,不
1bb31e06-e625-3a05-83bb-65caed9ac064,Very good,5,非常好
8fe11cd2-f7e2-3da4-9518-dc6611f9209f,d j d j duj s j s j si si s,3,d j d j duj s j s j si si s
678c6ebb-3e96-3795-ae16-50f70608bb25,good,4,好
0fc95aa1-ce57-3fa4-b0e2-a7e8c309ee45,111,5,111
a3794196-3d9f-3071-8f4c-5311182861c7,1,5,1
7bfaed50-3f57-35a4-84df-2d5289ac6091,happy,5,快乐
1e61bdf3-80ec-3f60-bbbd-12f1bac8ffbe,"AJCBasXcbMNCBmz,bC&lt;vZB&lt;&lt;v asAJ",5,"ajcbasxcbmncbmz,bc&lt;vzb&lt;&lt;v asaj"
ced28804-c1c7-3be4-912c-782280e8b422,http://www.mafengwo.cn/path/10192455.html,4,http://www.mafengwo.cn/path/10192455.html
1df8136d-6dd1-3131-88d9-d6101cf9b9a6,jjcgjcgjbcgjvfyh,3,jjcgjcgjbcgjvfyh
7f64ccfb-4b98-3642-8d44-0a91a10fdef5,Amazing,5,惊人
ee6d1769-b2a8-3ab3-8e2c-0374f7a1c3c7,Happily ever after!,5,从此以后快乐地生活着！
a835a501-2777-39c5-9d91-f7c4c375f0a5,☝????☝,5,☝????☝
bea4c564-6369-3ae6-9f69-546ebb792a32,hfzitdoudihdoudojdohxiyxoydiydoc,5,hfzitdoudihdoudojdohxiyxoydiydoc
ce670e44-fe37-3d43-902e-fd1fea26d2b5,hai ke yi has not been to my mother because they were just saying,5,海科毅没有去过我的母亲，因为他们只是说
64aa4792-7f70-30a9-8188-218c79656e4e,。。。,5,。。。
0a846a7a-5159-3b47-8c6c-75d01da3fcd5,erreterteteterterteter,5,erreterteteterterteter
14f0dbcd-8b1d-30ba-8077-408faae7aca5,。。。,5,。。。
4bfe7600-8702-3f96-88f0-5358cb93139f,????,5,????
5d6daff7-5545-3af9-a9f2-21b386d157d3,…,5,…
c905101b-1528-368e-9e1e-5cb12971a280,(*°∀°)=3(*°∀°)=3(*°∀°)=3,3,(*°∀°)=3(*°∀°)=3(*°∀°)=3
9ee22937-dee4-399a-86c8-27e8e87da26b,????????????,5,????????????
88f9ada3-a762-353b-9ebc-fa139def14f5,f f g h h h uj ju,5,f f g h h h uj ju
81eb77e0-51cc-3a01-9b1b-5a96aa831662,wonderful,5,精彩
eb4cbdbf-00c8-3eb0-a6e2-e5d30b313f09,good,4,好
fe629bc7-99b6-3ed4-bca2-02dbb9409ecb,fd,5,fd
6df1455d-41ea-3d22-b08b-41533c62d2ad,really fantastic for child...,4,对孩子来说真的很棒...
2f84263e-7427-371a-b870-758092facc21,My good,5,我的好
0514cccf-1b9c-3e33-9d45-f35be0126ca3,okokokokokokokokokok,5,好好好好好好好好好好
f7fcbb15-928f-3c50-aa2e-865b57f7d844,bvnvbcbdbcxnbvdsbgsf,5,bvnvbcbdbcxnbvdsbgsf
9de8a481-f9a9-3f32-8595-63fed6c86dce,。,5,。
b5bdea6a-2c0d-365a-a914-04ca57a1a7b3,1123,5,1123
07d5ba5e-d2c7-37e7-a372-715dfa36be8c,good,5,好
1807bced-ea73-3681-b38b-c1b52a6ce921,so beautiful，very like,3,非常漂亮，非常喜欢
c94b1985-2416-3406-8b68-170825c49748,zDGHJKHasddfghj,5,zdghjkhasddfghj
a77b8041-509a-3b20-b80c-e96a945c31aa,good,4,好
d7167daf-c1f9-395d-88a2-87475faa0daa,，,5,，
09754aed-3ff0-3bb0-9441-373cb09e7784,"AJCBasXcbMNCBmz,bC&lt;vZB&lt;&lt;v asAJ",5,"ajcbasxcbmncbmz,bc&lt;vzb&lt;&lt;v asaj"
01845a42-248d-3646-b683-da78392e638a,@_@,5,@_@
d03f5ec4-9b59-36c9-8ae3-fde1e47e0f8a,incrediblly marvelous,5,令人难以置信的奇妙
c004aba0-ed32-31b7-8bc7-c5703965961d,????????,4,????????
43f27ed1-d20f-3266-b27a-51ab32b2530d,。。。,5,。。。
8713d36d-dedb-34ed-93fc-29a086b99ae4,hao,5,好
d7150a15-6bf3-3bda-b126-126705dfa4c1,good！,5,好！
0513d89f-fd43-3458-928d-1d1958c2f8f8,1111111122222,5,1111111122222
36827409-6013-3e2b-90c2-cdfa396c73aa,Beauriful,5,美丽
a352073e-071a-3768-8e54-5cfb66b975c8,chaomeidetuijianqu,5,c好meidetuijianqu
ebc82499-26e2-34af-9723-b1735a0cd27c,.∞,5,.∞
edfae563-03db-3e5d-93c7-96053e3225c4,????,5,????
066dab9b-0765-36c1-a1ad-a31a9fb4db28,,5,
24e6d708-0c7c-3a3e-b3c5-741c32be3c82,asdfghjkl\'‘ytrsdfghjkl,5,asdfghjkl\'‘ytrsdfghjkl
2a8871b9-c059-367b-b594-035e8d55639b,。。。,3,。。。
3844565a-a12e-3823-800e-3d660c3034b2,！！,5,！！
1f6a4112-0b23-3441-8bd4-9c510effa93b,????,5,????
546c4a5d-988f-36ae-adaa-569e7898b794,OK,5,好
c0af0a0c-c898-37df-9fe9-51f0b1ad1e72,http://blog.ifeng.com/article/42523219.html<br />http://blog.ifeng.com/article/42523332.html<br />http://blog.ifeng.com/article/42523400.html<br />http://blog.ifeng.com/article/42419614.html<br />http://blog.ifeng.com/article/42419703.html<br />http://blog.ifeng.com/article/42523729.html<br />http://blog.ifeng.com/article/42523844.html<br />http://blog.ifeng.com/article/42523928.html<br />http://blog.ifeng.com/article/42425689.html<br />http://blog.ifeng.com/article/42425807.html<br />http://blog.ifeng.com/article/42425939.html<br />http://blog.ifeng.com/article/42524710.html<br />http://blog.ifeng.com/article/42524815.html<br />http://blog.ifeng.com/article/42524988.html<br />http://blog.ifeng.com/article/42525427.html<br />http://blog.ifeng.com/article/42525486.html<br />http://blog.ifeng.com/article/42525558.html<br />http://blog.ifeng.com/article/42458345.html,5,http://blog.ifeng.com/article/42523219.html<br />http://blog.ifeng.com/article/42523332.html<br />http://blog.ifeng.com/article/42523400.html<br />http://blog.ifeng.com/article/42419614.html<br />http://blog.ifeng.com/article/42419703.html<br />http://blog.ifeng.com/article/42523729.html<br />http://blog.ifeng.com/article/42523844.html<br />http://blog.ifeng.com/article/42523928.html<br />http://blog.ifeng.com/article/42425689.html<br />http://blog.ifeng.com/article/42425807.html<br />http://blog.ifeng.com/article/42425939.html<br />http://blog.ifeng.com/article/42524710.html<br />http://blog.ifeng.com/article/42524815.html<br />http://blog.ifeng.com/article/42524988.html<br />http://blog.ifeng.com/article/42525427.html<br />http://blog.ifeng.com/article/42525486.html<br />http://blog.ifeng.com/article/42525558.html<br />http://blog.ifeng.com/article/42458345.html
faa50ab6-6218-36bf-896b-7478384a412d,haphhhhhao Ben bush Hansberry head Hannah hands,4,haphhhh好 ben bush hansberry head hannah hands
1727dfc8-c4d8-3263-adba-4b18e8ca2e01,good,5,好
713a51f0-836d-345e-9363-03e2e403dbb3,????,5,????
a83e5a52-ab90-3c7f-ba04-6dcf0dab4b87,.,5,.
6f0fcef6-e284-3204-8731-fae5a0c41e01,，,5,，
e5aa94a7-03c5-36b8-851e-5781fa37afb0,perfect travel,5,完美的旅行
032b2a3f-e530-32ed-8e29-cfc8669cb40e,aaabbbcccdddeeefffggg,3,aaabbbcccdddeeefffggg
ad97934e-5498-396a-a6af-e74b5191d0db,OK,3,好
4a1b0176-9f2d-338c-9a27-215e0fd5c0a3,People mountain people sea,4,人山人海
14f90533-e7b8-36cd-8be0-70c2c7920369,"feichang bucuo de  ,henazande",5,"非常 不错 de  ,很a赞de"
b82a336f-47b9-3d12-ab4b-be324e3e56da,111,5,111
967a9552-5609-3bdf-9aaa-9a4a4e953542,0<br />n<br />n<br />n<br />n<br />n<br />n<br />n<br />n<br />n<br />n<br />n<br />n<br />n<br />n<br />n<br />n<br />n<br />n<br />n<br />n<br />n<br />n0<br />n<br />n<br />n<br />n<br />n<br />n<br />n<br />n<br />n00<br />n<br />n<br />n<br />n<br />n<br />n<br />n<br />n<br />n<br />n<br />n<br />n<br />n<br />n<br />n<br />n<br />n<br />n<br />n<br />n<br />n<br />n<br />n0<br />n0<br />n<br />nmm/m<br />n<br />n<br />n<br />n<br />n0000000,3,0<br />n<br />n<br />n<br />n<br />n<br />n<br />n<br />n<br />n<br />n<br />n<br />n<br />n<br />n<br />n<br />n<br />n<br />n<br />n<br />n<br />n<br />n0<br />n<br />n<br />n<br />n<br />n<br />n<br />n<br />n<br />n00<br />n<br />n<br />n<br />n<br />n<br />n<br />n<br />n<br />n<br />n<br />n<br />n<br />n<br />n<br />n<br />n<br />n<br />n<br />n<br />n<br />n<br />n<br />n0<br />n0<br />n<br />nmm/m<br />n<br />n<br />n<br />n<br />n0000000
4d1933b5-4d5e-33e2-978c-c7ea63370701,okokokokok,5,好好好好好
6a82c679-08d1-318e-8068-bfb4462c45fa,Very good,5,非常好
ed1f261a-91bc-3748-86d1-7d46aef02128,。。。,4,。。。
ce7d5772-b2e9-3276-bd4e-a379228dc48f,。。。,5,。。。
73bd3bec-fd63-3fa5-9778-80aa86de34b8,hao,5,好
09ec8dd3-61b4-3fa5-bd17-47a87d1ef76c,4-10,5,4-10
e98b3b81-894a-3f78-9ad5-0659c3168884,ASDFNGTEWAESRFDGH,5,asdfngtewaesrfdgh
beb3b70d-0368-3667-8edb-80760b3903c6,good,5,好
5ccf991c-0408-33ea-8239-631bf6bc7f9d,21111111,5,21111111
2ea14381-64bd-39a5-9667-38d29cf2cbbe,http://www.mafengwo.cn/,5,http://www.mafengwo.cn/
a5a5186e-7ff6-3c30-8429-20c602b6ad84,jin,4,jin
02ed960f-e9a3-39c9-81f6-ebd5ae21a6be,good,5,好
108fab63-81b1-3d27-9813-302aea38e4f5,nice,5,不错
6f02075a-3ac3-3c2d-b0ca-666221a52310,nice,5,不错
f329100b-bdb3-394c-b1bf-801ef5fb57e7,High,5,高
5c5d397e-8dec-3b6f-9741-87696891dbd0,dgjkkdss,5,dgjkkdss
3b4197ec-a95c-3d3a-a1db-22e08ded8318,！,5,！
e028a3dd-8696-3496-b134-a43ca7c2ecb4,。,5,。
6d81e669-7ab1-3659-8983-b3f2f82b9960,dddddddddddddddddddddddddddddddd,4,非常好
df5b1053-e1f0-3b65-887b-802fda45e886,askllkjhasdfghj,5,askllkjhasdfghj
7b7c983d-5b61-3678-8965-7686a97deab4,good,5,好
93fbe98d-400d-3c9a-b0d4-42fb01a8d928,gfgdfgdfgdfcvcxvxv,5,gfgdfgdfgdfcvcxvxv
c3a22f6a-2d98-328d-a8f3-8c47cd3f045f,nice~,5,好~
35fe7d06-45f6-3c65-bb9e-de3d7acbf5d7,111,4,111
6e3e4f98-6885-36b3-8da8-3d5dcd27315e,Good,5,好
cb0b2794-0b51-3225-9244-777cbeb56483,happy,5,高兴
814aa762-51fe-3cca-874f-902f839dae84,Amazing,5,惊人
643fb56c-cd72-324a-8df2-1c71e8f04558,aaabbbcccdddeeefffggg,3,aaabbbcccdddeeefffggg
4bc6eb8d-c319-31d9-b9a1-7b7f42d6484b,http://file32.mafengwo.net/M00/E8/55/wKgBs1exb8uAW0EtAAOzuz7jIew46.rbook_comment.w290_h195.jpeg<br />n,5,http://file32.mafengwo.net/m00/e8/55/wkgbs1exb8uaw0etaaozuz7jiew46.rbo好_comment.w290_h195.jpeg<br />n
8fbd6340-d384-37db-9618-0c61795d4842,hhhhhhhhhhhhhhhhhhhhhhhhhhhhhhhhh,4,非常好
cd353663-6af3-3388-93ea-4f6d887cce1f,！！！,5,！！！
664ed64e-f0ef-348c-9ca8-0ea745c56f80,dasad,5,dasad
e30152d3-1645-3fc3-abad-8bed6fbb99dd,aaabbbcccdddeeefffggg,3,aaabbbcccdddeeefffggg
c9b400e1-b009-30c9-867a-3a751dcfb439,everyone gets to relive as a kid for one day,5,每个人都会在小时候重温一天
5887ae52-b3f6-35f4-8629-8c78fcb23a01,2016.9 VoLTE CMCC。,5,2016.9 VoLTE CMCC。
de867196-5bbd-39fd-93d5-a445f129561e,Peaceful trip,5,和平旅行
9dc278e2-a436-3b3a-87e0-870d08037722,ok,5,好
cf284648-2028-3041-bbf0-28750500bc98,hskdbdkshsndbdmbs,3,hskdbdkshsndbdmbs
0d4a7fc0-1b74-3127-96c7-99c530a91228,bjvfhjvgujvvhuug,3,bjvfhjvgujvvhuug
d0c1997d-836f-3ccf-9030-9222a62b5c2b,GOOD AND BETTER!,3,好，更好！
3ceb9976-69b7-311b-93e6-347fc21032cc,..............,5,..............
60fab612-dfd0-389b-8e33-5efd780be1a9,good,5,好
697d2ee0-aec5-304d-8e75-a506e86bfd7f,good,5,好
5a249730-4539-3025-a81f-2de072d5ef68,chaomeidetuijianqu,5,c好meidetuijianqu
1779135b-30b2-3f5a-b9a7-297a6b0e63c7,people mountain people sea,3,人山人海
e33f1194-394e-36ef-b4d7-6f4e54d314be,best place i have been to.iwill come back again,3,我去过的最好的地方。我会再次回来
15d3ea8a-44cd-3a00-af96-7de5faa81187,Well,5,好
d4846e39-76a4-37cf-958c-80df96bd8a98,Guys doing today is not be,4,今天做的人不是
2554b974-f5e5-37a2-9841-0436d09712d1,magic,5,魔法
fe62cf4f-1108-3e69-8482-7c8c54f7918f,happy disney,5,快乐的迪士尼
3b7b0f9c-76da-3908-b8dd-39f72b3454f3,OK,5,好
d9cbfcc3-9d88-38c2-8925-6ad861d506ba,????,4,????
913ab2ee-e2ca-3e89-b1c3-e11b92c85588,????,3,????
79c56d1a-ca20-36bd-8847-492d14657342,hhhhhhhhhhhhhhhhhhhhhh,3,非常好
858a5021-5c8c-3788-848c-05ef38b60168,。,5,。
c6ca22d0-0977-32c1-b3f2-f32c809b2e4e,kello kitty,4,你好凯蒂
aa3191d0-7ca6-3b08-b163-b5efec6783f1,Kx,5,kx
2d6e4092-30b2-360d-97a7-1a177c01551c,12,5,12
c9b5ab61-d08c-3d5b-9f4f-dd2c11f95fdf,"every year, people die here, be careful enough and be familiar with the outdoor rule, this is the most risky part of the Great Wall in Peking",5,“每年都有人死在这里，要小心并且熟悉户外规则，这是北京长城最危险的部分”
a7de792e-f1d8-387e-806c-0ab6305fce84,Disney land @ shanghai,4,迪士尼乐园@上海
4a7970c4-a924-3f24-9b58-906f15665ed6,????????????????????,5,????????????????????
3452f66c-8eb9-3768-8468-66ac318a701e,xxxxxxxxxxxxxxx,5,xxxxxxxxxxxxxxx
f5cb09b3-f1ff-398c-94ac-0d8f88692286,http://www.mafengwo.cn/http://www.mafengwo.cn/http://www.mafengwo.cn/http://www.mafengwo.cn/,5,http://www.mafengwo.cn/http://www.mafengwo.cn/http://www.mafengwo.cn/http://www.mafengwo.cn/
01826013-4034-39fe-84fe-32b8b47f9188,ok,5,好
bf911d79-64bc-3e5e-8417-a6f09224d690,"henbucuode  ,henzande  henbucuode  ,henzande  henbucuode  ,henzande  henbucuode  ,henzande",5,"很不错de  ,很赞de  很不错de  ,很赞de  很不错de  ,很赞de  很不错de  ,很赞de"
50399043-f99f-357b-8606-ea96765587fe,，，，,5,，，，
8b6967c6-46ee-3115-afc7-271017246442,123,4,123
357383b8-2fb8-36ca-a20f-f1253d6a4363,"henbucuode  ,henzande  henbucuode  ,henzande  henbucuode  ,henzande",5,"很不错de  ,很赞de  很不错de  ,很赞de  很不错de  ,很赞de"
6749a511-7b8c-3519-9189-9320f9da786e,????,5,????
de852c63-7cc7-367f-8f36-2bf59d0b631f,。。。,5,。。。
5fd2edcf-6a71-3df6-91ce-d378c5f3a80b,very good,5,非常好
695f64f6-38f2-3cc3-95d3-127deb300a50,interesting,5,有趣
dd765814-b8cb-3898-bd1c-1c8428918a79,asdas d asd asd asd,5,asdas d asd asd asd
4cd81036-26fb-30ee-abe3-7cc83d965387,nice,5,不错
19eef64f-ebdf-34c0-b716-deac35e7de12,nice,5,不错
13c5ffd9-bc83-33d2-b403-ecc8700af551,"cool,fengjingye",5,"很酷,fengjingye"
4c42c20f-de32-3fa5-8985-093dd9666395,(ღ˘⌣˘ღ)(ღ˘⌣˘ღ)(ღ˘⌣˘ღ)(ღ˘⌣˘ღ),3,(ღ˘⌣˘ღ)(ღ˘⌣˘ღ)(ღ˘⌣˘ღ)(ღ˘⌣˘ღ)
810d0cb5-d276-3ef4-a8d6-ec0ee29b96bd,SGFHJHWESRDFGHJ,5,sgfhjhwesrdfghj
37e5070c-f3b2-3b22-92f0-222af585897c,http://www.mafengwo.cn/path/10192455.html,5,http://www.mafengwo.cn/path/10192455.html
ff3ecc52-e593-3758-ba1c-6d2d960f2b7e,bjhvhjbvjjhghuh,3,bjhvhjbvjjhghuh
55b2e9a7-4216-3f0d-a550-1d529b7462e9,00,5,00
d24c2b3d-75ef-32c8-8e23-6bfd38705840,，,5,，
84cc0999-7777-353a-89dc-7fa21f35f167,(≧▽≦)/,5,(≧▽≦)/
3dab299e-67e5-3076-b5b8-d51257980b9b,f j l l h f s,5,f j l l h f s
ab07e114-95ef-35da-aea0-6202cb175c23,"very beautiful, great to check in",5,“非常漂亮，很棒的入住”
ec548257-c089-3fff-a3db-39031d828bf4,aaabbbcccdddeeefffggg,3,aaabbbcccdddeeefffggg
05dba293-58f2-3921-85ef-d5214eb4567e,。。。。。。,5,。。。。。。
87013e21-ecef-3191-bdff-6a01958818b2,xgjh.waszdfhyiu;ok\'/uygyhl,5,xgjh.waszdfhyiu;好\'/uygyhl
54852479-903f-3a62-9e12-de3802a895e0,good,5,好
8a62ec18-0274-33df-b6ab-3773830506a5,。。。。。。。。,5,。。。。。。。。
185e9f5a-2740-39bf-8500-0c72ef898656,"it is the best destination i have gone to ,i want stay here long time ,but no money ,so i go back",5,“这是我去过的最好的目的地，我想呆在这里很久，但没有钱，所以我回去”
3ec74e81-c100-378f-a93f-ce5059f7fb60,(=ｘェｘ=)(=ｘェｘ=)(=ｘェｘ=),3,(=ｘェｘ=)(=ｘェｘ=)(=ｘェｘ=)
b1c65d3e-c65c-3fb4-9b2a-123e37c18f4f,cffffffffffffffffffffffffffffffffffffffffffffffffffffffffffffff,5,cffffffffffffffffffffffffffffffffffffffffffffffffffffffffffffff
8147857a-4455-3274-8b8e-ca16c6d8038c,ddddddddddddddddddddddddd,4,非常好
9ea90b3c-3987-335f-80b6-2317420e1163,。,5,。
e6e86cd9-765e-3cf5-bab5-eebdadd6ef4e,？,4,？
e6ef1ce1-cb12-3d1d-98ee-7d864691fd11,it\'s very good,5,这很好
fd9ea5de-88eb-3933-95fd-297e3628a37a,My first HPN trip!,5,我的第一次旅行!
4bcdbf4f-b9e4-3647-870c-3e15df065e35,"r<br />r<br />rq<br />rdoseksk,flsl0cy<br /><br />1<br />qqd@tmi,j,ulllatck\'eokbccygvlbnonkvt@ppjp o",3,"r<br />r<br />rq<br />rdoseksk,flsl0cy<br /><br />1<br />qqd@tmi,j,ulllatck\'e好bccygvlbnonkvt@ppjp o"
4b9435c8-87f1-3881-945d-b525883554d9,hhhhhhhhhhhhhhhhhhhhhhhhhhhhhhhhh,4,非常好
1b29bdae-5cc5-3a20-adaf-59686f77c045,aaabbbcccdddeeefffggg,3,aaabbbcccdddeeefffggg
54c21f82-f483-3be4-bafe-f82e9e3c0c98,uicuivgijcgubch,3,uicuivgijcgubch
cc3a1c99-d704-3a45-83c3-5e3f0ac9ff89,！,5,！
7b62b398-80c8-3dec-a3e6-5a8d6c192acf,..,5,..
18d1c172-4ce0-31e6-b2c1-2a5da259a51f,hhhhhhhhhhhhhhhhhhhhhhhhhhhhhhhhhhhhhhhhhhhhhhhhhhhhhhhhhhhhhhhhhhhhhhhhhhhh,5,非常好
5aa94b6c-6bbe-3feb-953f-c4fdefd5c910,????,5,????
64bc1eaf-a8c5-3da5-9c07-3041e5ddb714,hai xing,5,还行
24f9c90f-0bf5-3e95-8371-6ea498211710,????,5,????
71a09a87-b662-3bfb-aa9f-fac111319c53,????,4,????
96b7cca6-f99a-3ad0-9fe4-adfc7ad2226b,"not very special, just very large and can be seen from far far away",3,“不是很特别，只是非常大，可以从很远的地方看到”
a96215c1-f1eb-3f1f-a01e-a9e321fa2d8b,qie shen,5,qie s很
06966583-3bfa-3b41-957a-d39d7b7c77a7,OK,5,好
76b859fd-412b-3b65-b00d-e9c7b808a343,not bad,5,不错
445d4d17-3eca-3be3-9eda-f4edb7544883,·····················,5,·····················
aebfe6d6-6b8b-35cc-92b4-0cfc13ea523d,wonderful!!!,5,精彩！！！
0f30d078-43d6-3f8b-9876-17cb5c3077a5,i feel a new world,4,我感觉到一个新世界
5de9e39f-7a30-32b4-a84f-1ed96b300fa8,Great trip,4,伟大的旅程
4b87731e-1e59-329c-b1cb-d23d28777b0e,………,4,………
6e3edba8-b001-32fa-8f18-20a529266e81,1444,4,1444
adb7aa1b-e078-3ffd-9efc-3dbb64130fdc,very good,5,非常好
8af5171d-dd6b-365b-acaa-2d1793c53c0e,http://www.mafengwo.cn/auction/?date=2016-04-05,4,http://www.mafengwo.cn/auction/?date=2016-04-05
15ce52c2-f2b3-354c-831a-7f3f33bd5ed2,aaabbbcccdddeeefffggg,3,aaabbbcccdddeeefffggg
515a1e2c-5c3d-3a7e-bbc5-0a8ee828f75f,happy,5,快乐
2465dc9d-228e-3020-8c58-8fa6adf20821,"feichang bucuo de  ,henazande",5,"非常 不错 de  ,很a赞de"
89690772-0fbd-3248-a870-a4620b012f5c,11,4,11
a690a513-975f-3dee-8929-9571e4bf6882,Great,5,大
d1150780-47cc-3ed9-be64-b8ac77c07107,nice,5,不错
e329c120-11cb-3e21-8075-d2d712944f03,.,5,.
22e36875-7a9c-3e53-8631-3c5975abd03c,ok,5,好
25a7a362-508f-35fd-b51e-361ecda58646,。,4,。
c1bfafc5-d3f6-356a-a355-d6339720f6e1,nice,4,不错
77ffb22f-5641-31f6-bd94-37deaecbc853,！,5,！
c8ab1017-9795-34f9-9e2b-c1d91896bb3b,good,5,好
5d955b61-7863-367c-b48d-97d0bcc2a2bd,。,5,。
bf25109b-9eab-323c-8d11-413c0ff46eee,SB,5,sb
9fb1016d-018b-3b64-ae8e-048e6dd58e57,good,5,好
69c311a1-1cf3-3861-883d-6b9d192738ea,good,5,好
960292d9-5d35-3280-861b-49f2db708891,hjcyuvcgjvchibc,3,hjcyuvcgjvchibc
eb0024ab-30e2-30ae-9272-a586bca0cdea,good！i love this trip soooo much!,5,好！我很喜欢这次旅行soooo！
e1b675d7-37ed-393c-b45b-de36ccdf78da,so so,3,一般般
c666ea43-cf36-33c5-b1bc-555680eac5e0,good,5,好
9512158a-c02e-30c3-bfa5-6bfaa8ee0960,OK,4,好
11385af5-6889-3ae2-8164-cfae46c7db61,hhhhhhhhhhhhhhhhhhhhhhhhhhhhhhhhhhhhhhhhhhhhhhhhhhhhhhhhhhhhhhhhhhhhhhhhhhhh,5,非常好
efef7c0f-2e18-3a19-8b57-f243a0f4415a,OK，OK，OK，OK，OK。,5,好，好，好，好，好。
2ceaa614-bd45-3930-9d31-6af7abaf0daf,hkvyihgujvhkbvu,3,hkvyihgujvhkbvu
290835e3-1316-3559-8f02-01c08d865b64,http://www.mafengwo.cn/http://www.mafengwo.cn/http://www.mafengwo.cn/http://www.mafengwo.cn/,5,http://www.mafengwo.cn/http://www.mafengwo.cn/http://www.mafengwo.cn/http://www.mafengwo.cn/
4648ac36-57b1-3cbc-b75b-dbc821470323,????,4,????
36c3df7c-24e6-3847-a087-d9bc0e15e1e9,wdewqdeewqedwdewq,5,wdewqdeewqedwdewq
4c444c27-7fc3-3d6c-9bb2-a5fc083f8d7a,busy and funny,4,忙碌而有趣
5399e0c5-718e-34cd-8fef-4127296b771f,Beautiful,5,美丽
5b62f4f2-9833-3003-8ef4-f96c86e72a4e,happy,4,快乐
18de01ce-0581-3291-93f4-eef25e297a7a,Happy but expensive!,3,快乐但昂贵！
505117d9-ffa0-37a0-ac2f-7f861b7c7a87,????????,4,????????
46f5b205-0899-357b-9ac3-485cf7499445,HAO,5,好
11c82f41-1027-32cc-b75c-107f526c1c34,nice day,5,美好的一天
edd88502-4ee2-3e76-8f19-3d81c077c9cb,soso,5,一般般
593ee8fd-b0be-3666-9632-c5949d0e37a4,Nice,5,不错
f5cc7b78-9d7e-3b2d-8924-ade1c0453374,good,5,好
7f136fde-42a5-3514-b72a-480dd79c9715,sfdgjhkj’；ewsdtfyuiokl\',5,sfdgjhkj’；ewsdtfyui好l\'
ab308c39-8607-3d54-ba74-fd76c0a56c66,My good,5,我的好
18583d5a-d416-3aea-a9a5-e007bc93d7f6,so good and beautiful,5,so good and beautiful
b8a4b1df-dd90-3cb2-a90b-1d5db1343ecf,asdtwserdutfhj\'kqrwasdfghkjfdsa,5,asdtwserdutfhj\'kqrwasdfghkjfdsa
2b6bf704-6f33-32fb-a0f6-632f99b19fd7,。,3,。
8153044e-8803-3edd-803c-841c7171db93,！！！！！！！！！！！！！！！！！,5,！！！！！！！！！！！！！！！！！
b12f0c81-a7e9-3f05-97ce-42ad9de9ebe2,dddddddddddddddddddddddddddd,4,非常好
4a31c761-b983-3f7c-af40-6e55dff1c65b,????,5,????
9dd1c821-913d-3262-b329-3bdf98b326ca,"Good tour, but very hot.",5,“很好的旅游，但很热。”
b2440fd1-3c21-33d2-bacb-1e93b4039508,fantastic,5,奇妙
46979af2-8a91-3270-95c4-b86f9a9aea74,Disney,3,迪士尼
5a9a6ad7-6119-36f6-8c55-3e8b6b2f0b56,Great,5,大
9d73c1f8-0575-31df-92ee-3f71ccf10751,zgasdfghmsghhdghd,5,zgasdfghmsghhdghd
846f5d39-3b22-30a7-9ff6-17a905fd005d,????,4,????
97d9f05e-f810-3ca0-a7b5-6a05a871b730,66666666,5,非常好
f2a1cfae-73e6-354a-9c11-54e4f3218fe3,dfgdfgdfgdfgdfgdfgdfgdf,5,dfgdfgdfgdfgdfgdfgdfgdf
17a7f651-df15-3c03-bfb7-c95f0f03abcf,????,5,????
4673e628-501a-3766-8872-e360c31aa6e5,！！！,5,！！！
2b207d88-00ce-3531-b5ba-0c922271fc40,d h k l j f d,5,d h k l j f d
dbe61af5-9dfe-3cf5-ab0b-5dfe6116eea5,just so so,3,一般般
fdb731d6-c6ba-3f61-8a12-7791b6dadb91,good,5,好
7a3cee8a-bf14-3520-9c1c-7796941396e3,10.239.144.201crCodingTraining MaterialBest sharing201610.239.144.201crCodingTraining MaterialBest sharing201610.239.144.201crCodingTraining MaterialBest sharing2016,5,10.239.144.201crcodingtraining materialbest sharing201610.239.144.201crcodingtraining materialbest sharing201610.239.144.201crcodingtraining materialbest sharing2016
0f4050a1-07c6-3d7a-9a43-1d2a28d76786,................,4,................
99788eca-1da6-3424-892c-b9d5426d4c33,ok,5,好
fb962d66-4815-382f-950b-f5249c9e7062,Tron,5,tron
2d435f5d-d6a7-3e89-8e3e-c682f0ed1fbb,！,5,！
607ca95d-071d-38c7-bb87-a5018c88918e,verygood,5,很好
aca2c9b9-0faf-3111-86ef-6d1996aa2988,dfgfdgfdgdfgdfgdfgdfdfg,4,dfgfdgfdgdfgdfgdfgdfdfg
f334abdb-545c-30dc-b893-b5b7fca8cbb0,。,5,。
22ceb08c-6176-3d30-af0f-59478dfb886b,GOOD AND BETTER!,4,好，更好！
70e002a9-e74e-3071-a37e-b9f824f20cb6,very good!,5,很好！
d54b2593-7473-32ac-93f7-c562dc884183,jhxhjvgujcfijvc,3,jhxhjvgujcfijvc
b3ee75ed-1f37-39e6-bcb4-00e63797811c,Ok,5,好
4413884d-ac14-38f3-a6f3-1882fa565a7d,hellokitty,5,hell好itty
fb30ad20-34df-38f0-9d2e-ee217b88c24c,goog,5,goog
1517912d-47e0-37f1-b25b-44a530367103,Amazing,5,惊奇
2722100c-3fb7-36d1-8bee-8c4b9b5cce5d,…,5,…
718f645d-517b-342e-8038-f2a72fcbdc7f,"henbucuode  ,henzande  henbucuode  ,henzande  henbucuode  ,henzande",5,"很不错de  ,很赞de  很不错de  ,很赞de  很不错de  ,很赞de"
7f943ec8-247d-3fd0-b38a-ac7519aaec2f,fgdgdfgdfgdfgdgdfgdf,4,fgdgdfgdfgdfgdgdfgdf
28cf8949-e0ec-338b-ab45-486f0d3f9ba9,。,5,。
51f5a048-08a9-3280-b38f-9354b014907b,ASTYIUKJHGFDSDFGHJKL;\',5,astyiukjhgfdsdfghjkl;\'
4037d205-5334-314b-bf3a-2c2187608957,ok,5,好
0d0bf501-539e-3c22-9fbf-f405317d84da,6.1,5,6.1
06b2f099-b371-3510-b2a6-ce2e3bd9f968,good,5,好
0f9e036a-0a97-3df9-be83-919637e014fd,11,4,11
7c6fbe17-ae3c-3e3d-a59d-74a848a361c8,(=ｘェｘ=)(=ｘェｘ=)(=ｘェｘ=),3,(=ｘェｘ=)(=ｘェｘ=)(=ｘェｘ=)
9b1a68b5-b15f-3f63-8ee6-059d64d4f099,ㅗ,5,ㅗ
8799203f-08e2-317d-b600-56ce1f2036ba,sgsdfdgf gvsdgfsdgfsge,5,sgsdfdgf gvsdgfsdgfsge
cedf4316-cd96-3e8b-bdae-986f217f3894,ASGDEDFGDFJGFHVB,5,asgdedfgdfjgfhvb
16c9d990-7919-3917-9e9c-def32f8f5f03,good,5,好
6de86a8e-36f6-3dbb-8d15-ebf6e11ff482,http://www.mafengwo.cn/,4,http://www.mafengwo.cn/
3796975e-bf83-35fd-bae9-a8be31b6efd8,????,4,????
436f9fbe-7349-3cde-9f76-43922054bc6d,bjvfhjvgujvvhuug,3,bjvfhjvgujvvhuug
3dd0fe83-f00e-3257-968c-05cffe93a90c,A very cheap price for the ticket. Have a wonderful time there. Thank you so much,5,票价非常便宜。 在那里度过美好的时光。 非常感谢
083ad2ad-ab2e-37a1-9b07-5f61b34958c5,The National Film Museum,3,国家电影博物馆
fc15fe1a-b376-38af-b0d8-0537f7b57b53,happy,5,快乐
403ff07a-cf44-354c-8b69-5face23ac0fb,hjvgjjcgujbvuut,3,hjvgjjcgujbvuut
224017bc-bed8-3b6e-95ae-a4fbc7dc8ffa,,5,
e289381d-fde8-38bc-8f8a-76e7c3142cdd,ok,5,好
76c9d849-0ec0-337b-93f4-84849b7caf2f,High！,5,高！
9c137e0d-f133-3c82-a22a-2b5e12dc2dc3,1,5,1
381550b5-7ec1-3c9f-a810-9772280ea00e,gip fd; dpffd gg,4,gip fd; dpffd gg
4bd42b91-ca3b-39d4-a2c1-23dc053a4648,(ง •_•)ง(ง •_•)ง,3,(ง •_•)ง(ง •_•)ง
3813bb19-e94e-36c3-94e7-0730f39edbd7,????,5,????
40b6867e-f512-3dbd-a9d1-5df08fd008cb,nicenice<br />rnnice<br />rnnice<br />rnnice,4,不错不错<br />rn不错<br />rn不错<br />rn不错
7d02b930-4e5d-376c-99c4-77d5c9a8fe6d,good,5,好
b8e09ebb-ce94-328c-a647-8d26d15a4024,.....,3,.....
000a6446-c28a-3f93-8364-679ce1216742,good,4,好
9020eb31-1f7a-3169-b6ee-e944bb16351d,。。,3,。。
23a3c7e3-6868-3a4b-9856-a744c13cb2bf,Okay,5,好ay
18c48385-cdbd-3b28-9ac7-b1cb72446d0f,．．．,4,．．．
3a3bab0f-4dc4-3f68-9f20-166e24c5efab,People mountain people sea,5,人山人海
756a1a8e-71f8-36f1-be52-8cf6f1c8c3ed,bucuo,5,不错
87139c01-c68e-3609-94e6-a8c97872076a,it\'\'s ok,3,没关系
886fa85c-dd79-31ad-b41c-a4a53cea3c89,My second 7 wonders of the world collection!,5,我的第二个7世界收藏奇迹！
eb843dfe-7875-3781-8b93-feea45e52638,"very beautiful, great to check in",5,“非常漂亮，很棒的入住”
cbf811ce-2d22-340e-abe5-6235bad6dfea,http://www.mafengwo.cn,4,http://www.mafengwo.cn
59023fc5-242b-3ada-beb0-0f3728da91ec,-,5,-
cf09b170-978d-3302-baf0-b39b83845690,http://file31.mafengwo.net/M00/D6/FC/wKgBs1exVqyAJlv_AACn-uYJgJ814.rbook_comment.w290_h195.jpeg,5,http://file31.mafengwo.net/m00/d6/fc/wkgbs1exvqyajlv_aacn-uyjgj814.rbo好_comment.w290_h195.jpeg
759c40d4-d34a-3e06-bc2c-732975c1a985,average,5,平均
9bf52ac3-357f-30ff-86da-b9df0b824e54,????,5,????
2c054686-0833-3bf5-b1cf-d4b499319707,...,5,...
3d6eca96-cb14-36c9-82c0-b983af3af3f2,Okokokokokokkokokok,5,好好好好好好k好好好
a6a9d1e1-8ed6-3669-8e4b-73250c96236f,10.1,4,10.1
c7c76f41-3e79-302c-b81e-0ac5729df712,http://file31.mafengwo.net/M00/3C/9A/wKgBs1eUKzCAD2ZnAAKSfCxtcYA61.rbook_comment.w290_h195.jpeg<br />n,5,http://file31.mafengwo.net/m00/3c/9a/wkgbs1eukzcad2znaaksfcxtcya61.rbo好_comment.w290_h195.jpeg<br />n
98c5db50-6c41-37fa-8982-8500590d4d05,hjcyuvcgjvchibc,3,hjcyuvcgjvchibc
bf52bbba-d55d-3155-b6e0-902d66440fab,http://www.mafengwo.cn/path/85142184.html,4,http://www.mafengwo.cn/path/85142184.html
58a81626-5b32-3bbd-b3f7-8b6b9c72db39,1,4,1
ee6e4734-0e79-397c-bf19-7ec62b911698,cool,5,很酷
5a3ecd97-0132-3cb5-8743-52360b429164,disneyland,5,迪斯尼乐园
9f9cae1c-e637-35fb-9f4e-a1363db87d15,very good very very good,5,非常好，非常非常好
0b0b60e8-e96f-33c5-a7c5-a86c06e94a28,OK,3,好
f06fa276-1ac8-3b19-97c3-2d6f9c8825b6,gormorious and excellent,5,gormorious和优秀
4c174f23-a30f-372b-bdfa-8583ff03b87d,good,5,好
fea2659e-5e7b-3f1f-8552-a30b5617f7da,GOOD AND BETTER!,3,好，更好！
36695e70-e315-39ee-a07f-bb88a660adcf,very good,5,非常好
33610308-8794-31b9-a74b-00792480ffeb,beijingshichahai,4,北京什刹海
e2d2fd1e-6972-3e7b-9585-d531c642e9e2,It\'s a good place.,5,这是个好地方。
6c88184f-5cd4-335e-8170-455edd2274a6,SDKJHAFGHJHRGEFDWASDF,5,sdkjhafghjhrgefdwasdf
1c0f9794-cb55-3812-9ca0-b4b9af479d54,.........,5,.........
50400441-f28c-3d00-8506-403c9b8e79ff,Great,4,大
cafabfe3-4836-3848-978f-b630d19fe286,go.go,5,go.go
1091c917-c2da-3d4c-9ddd-ef25b2b35e62,l,5,l
90efc793-c971-35f3-8bd3-e1dfa3d5fa27,”,5,”
942c4fcb-0f05-349f-b1ff-cb9487385012,all the ancient cities are almost the same,3,所有的古城都差不多
